season,round,race_date,circuit_id,driver_id,constructor_id,grid,power_unit,reg_reset,driver_prior_starts,driver_prior_dnf_rate,constructor_prev_season_dnf_rate,circuit_hist_dnf_rate,dnf,dnf_category,label_unsure,disqualified,status,position_text
2000,1,2000-03-12,albert_park,michael_schumacher,ferrari,3,Ferrari,False,0,,,,False,,False,False,Finished,1
2000,1,2000-03-12,albert_park,barrichello,ferrari,4,Ferrari,False,0,,,,False,,False,False,Finished,2
2000,1,2000-03-12,albert_park,ralf_schumacher,williams,11,BMW,False,0,,,,False,,False,False,Finished,3
2000,1,2000-03-12,albert_park,villeneuve,bar,8,Honda,False,0,,,,False,,False,False,Finished,4
2000,1,2000-03-12,albert_park,fisichella,benetton,9,Supertec,False,0,,,,False,,False,False,Finished,5
2000,1,2000-03-12,albert_park,zonta,bar,16,Honda,False,0,,,,False,,False,False,Finished,6
2000,1,2000-03-12,albert_park,wurz,benetton,14,Supertec,False,0,,,,False,,False,False,Finished,7
2000,1,2000-03-12,albert_park,gene,minardi,18,Ford,False,0,,,,False,,False,False,+1 Lap,8
2000,1,2000-03-12,albert_park,heidfeld,prost,15,Peugeot,False,0,,,,False,,False,False,+2 Laps,9
2000,1,2000-03-12,albert_park,salo,sauber,10,Ferrari,False,0,,,,False,,False,True,Disqualified,D
2000,1,2000-03-12,albert_park,button,williams,21,BMW,False,0,,,,True,mechanical,False,False,Engine,R
2000,1,2000-03-12,albert_park,diniz,sauber,19,Ferrari,False,0,,,,True,mechanical,False,False,Transmission,R
2000,1,2000-03-12,albert_park,mazzacane,minardi,22,Ford,False,0,,,,True,mechanical,False,False,Gearbox,R
2000,1,2000-03-12,albert_park,frentzen,jordan,5,Mugen-Honda,False,0,,,,True,mechanical,False,False,Hydraulics,R
2000,1,2000-03-12,albert_park,trulli,jordan,6,Mugen-Honda,False,0,,,,True,mechanical,False,False,Engine,R
2000,1,2000-03-12,albert_park,alesi,prost,17,Peugeot,False,0,,,,True,mechanical,False,False,Hydraulics,R
2000,1,2000-03-12,albert_park,hakkinen,mclaren,1,Mercedes,False,0,,,,True,mechanical,False,False,Engine,R
2000,1,2000-03-12,albert_park,verstappen,arrows,13,Supertec,False,0,,,,True,mechanical,False,False,Suspension,R
2000,1,2000-03-12,albert_park,coulthard,mclaren,2,Mercedes,False,0,,,,True,mechanical,False,False,Engine,R
2000,1,2000-03-12,albert_park,rosa,arrows,12,Supertec,False,0,,,,True,mechanical,False,False,Suspension,R
2000,1,2000-03-12,albert_park,irvine,jaguar,7,Cosworth,False,0,,,,True,accident,False,False,Spun off,R
2000,1,2000-03-12,albert_park,herbert,jaguar,20,Cosworth,False,0,,,,True,mechanical,False,False,Clutch,R
2000,2,2000-03-26,interlagos,michael_schumacher,ferrari,3,Ferrari,False,1,0.0,,,False,,False,False,Finished,1
2000,2,2000-03-26,interlagos,fisichella,benetton,5,Supertec,False,1,0.0,,,False,,False,False,Finished,2
2000,2,2000-03-26,interlagos,frentzen,jordan,7,Mugen-Honda,False,1,1.0,,,False,,False,False,Finished,3
2000,2,2000-03-26,interlagos,trulli,jordan,12,Mugen-Honda,False,1,1.0,,,False,,False,False,Finished,4
2000,2,2000-03-26,interlagos,ralf_schumacher,williams,11,BMW,False,1,0.0,,,False,,False,False,+1 Lap,5
2000,2,2000-03-26,interlagos,button,williams,9,BMW,False,1,1.0,,,False,,False,False,+1 Lap,6
2000,2,2000-03-26,interlagos,verstappen,arrows,14,Supertec,False,1,1.0,,,False,,False,False,+1 Lap,7
2000,2,2000-03-26,interlagos,rosa,arrows,16,Supertec,False,1,1.0,,,False,,False,False,+1 Lap,8
2000,2,2000-03-26,interlagos,zonta,bar,8,Honda,False,1,0.0,,,False,,False,False,+2 Laps,9
2000,2,2000-03-26,interlagos,mazzacane,minardi,20,Ford,False,1,1.0,,,False,,False,False,+2 Laps,10
2000,2,2000-03-26,interlagos,coulthard,mclaren,2,Mercedes,False,1,1.0,,,False,,False,True,Disqualified,D
2000,2,2000-03-26,interlagos,herbert,jaguar,17,Cosworth,False,1,1.0,,,True,mechanical,False,False,Gearbox,R
2000,2,2000-03-26,interlagos,gene,minardi,18,Ford,False,1,0.0,,,True,mechanical,False,False,Engine,R
2000,2,2000-03-26,interlagos,hakkinen,mclaren,1,Mercedes,False,1,1.0,,,True,mechanical,False,False,Oil pressure,R
2000,2,2000-03-26,interlagos,barrichello,ferrari,4,Ferrari,False,1,0.0,,,True,mechanical,False,False,Hydraulics,R
2000,2,2000-03-26,interlagos,irvine,jaguar,6,Cosworth,False,1,1.0,,,True,accident,False,False,Spun off,R
2000,2,2000-03-26,interlagos,villeneuve,bar,10,Honda,False,1,0.0,,,True,mechanical,False,False,Gearbox,R
2000,2,2000-03-26,interlagos,alesi,prost,15,Peugeot,False,1,1.0,,,True,mechanical,False,False,Electrical,R
2000,2,2000-03-26,interlagos,heidfeld,prost,19,Peugeot,False,1,0.0,,,True,mechanical,False,False,Engine,R
2000,2,2000-03-26,interlagos,wurz,benetton,13,Supertec,False,1,0.0,,,True,mechanical,False,False,Engine,R
2000,2,2000-03-26,interlagos,diniz,sauber,0,Ferrari,False,1,1.0,,,True,other,False,False,Safety concerns,W
2000,2,2000-03-26,interlagos,salo,sauber,0,Ferrari,False,1,0.0,,,True,other,False,False,Safety concerns,W
2000,3,2000-04-09,imola,michael_schumacher,ferrari,2,Ferrari,False,2,0.0,,,False,,False,False,Finished,1
2000,3,2000-04-09,imola,hakkinen,mclaren,1,Mercedes,False,2,1.0,,,False,,False,False,Finished,2
2000,3,2000-04-09,imola,coulthard,mclaren,3,Mercedes,False,2,0.5,,,False,,False,False,Finished,3
2000,3,2000-04-09,imola,barrichello,ferrari,4,Ferrari,False,2,0.5,,,False,,False,False,Finished,4
2000,3,2000-04-09,imola,villeneuve,bar,9,Honda,False,2,0.5,,,False,,False,False,+1 Lap,5
2000,3,2000-04-09,imola,salo,sauber,12,Ferrari,False,2,0.5,,,False,,False,False,+1 Lap,6
2000,3,2000-04-09,imola,irvine,jaguar,7,Cosworth,False,2,1.0,,,False,,False,False,+1 Lap,7
2000,3,2000-04-09,imola,diniz,sauber,10,Ferrari,False,2,1.0,,,False,,False,False,+1 Lap,8
2000,3,2000-04-09,imola,wurz,benetton,11,Supertec,False,2,0.5,,,False,,False,False,+1 Lap,9
2000,3,2000-04-09,imola,herbert,jaguar,17,Cosworth,False,2,1.0,,,False,,False,False,+1 Lap,10
2000,3,2000-04-09,imola,fisichella,benetton,19,Supertec,False,2,0.0,,,False,,False,False,+1 Lap,11
2000,3,2000-04-09,imola,zonta,bar,14,Honda,False,2,0.0,,,False,,False,False,+1 Lap,12
2000,3,2000-04-09,imola,mazzacane,minardi,20,Ford,False,2,0.5,,,False,,False,False,+2 Laps,13
2000,3,2000-04-09,imola,verstappen,arrows,16,Supertec,False,2,0.5,,,False,,False,False,+3 Laps,14
2000,3,2000-04-09,imola,trulli,jordan,8,Mugen-Honda,False,2,0.5,,,True,mechanical,False,False,Gearbox,15
2000,3,2000-04-09,imola,rosa,arrows,13,Supertec,False,2,0.5,,,True,accident,False,False,Spun off,R
2000,3,2000-04-09,imola,ralf_schumacher,williams,5,BMW,False,2,0.0,,,True,mechanical,False,False,Fuel system,R
2000,3,2000-04-09,imola,alesi,prost,15,Peugeot,False,2,1.0,,,True,mechanical,False,False,Hydraulics,R
2000,3,2000-04-09,imola,heidfeld,prost,22,Peugeot,False,2,0.5,,,True,mechanical,False,False,Hydraulics,R
2000,3,2000-04-09,imola,button,williams,18,BMW,False,2,0.5,,,True,mechanical,False,False,Engine,R
2000,3,2000-04-09,imola,gene,minardi,21,Ford,False,2,0.5,,,True,accident,False,False,Spun off,R
2000,3,2000-04-09,imola,frentzen,jordan,6,Mugen-Honda,False,2,0.5,,,True,mechanical,False,False,Gearbox,R
2000,4,2000-04-23,silverstone,coulthard,mclaren,4,Mercedes,False,3,0.3333333333333333,,,False,,False,False,Finished,1
2000,4,2000-04-23,silverstone,hakkinen,mclaren,3,Mercedes,False,3,0.6666666666666666,,,False,,False,False,Finished,2
2000,4,2000-04-23,silverstone,michael_schumacher,ferrari,5,Ferrari,False,3,0.0,,,False,,False,False,Finished,3
2000,4,2000-04-23,silverstone,ralf_schumacher,williams,7,BMW,False,3,0.3333333333333333,,,False,,False,False,Finished,4
2000,4,2000-04-23,silverstone,button,williams,6,BMW,False,3,0.6666666666666666,,,False,,False,False,Finished,5
2000,4,2000-04-23,silverstone,trulli,jordan,11,Mugen-Honda,False,3,0.6666666666666666,,,False,,False,False,Finished,6
2000,4,2000-04-23,silverstone,fisichella,benetton,12,Supertec,False,3,0.0,,,False,,False,False,+1 Lap,7
2000,4,2000-04-23,silverstone,salo,sauber,18,Ferrari,False,3,0.3333333333333333,,,False,,False,False,+1 Lap,8
2000,4,2000-04-23,silverstone,wurz,benetton,20,Supertec,False,3,0.3333333333333333,,,False,,False,False,+1 Lap,9
2000,4,2000-04-23,silverstone,alesi,prost,15,Peugeot,False,3,1.0,,,False,,False,False,+1 Lap,10
2000,4,2000-04-23,silverstone,diniz,sauber,13,Ferrari,False,3,0.6666666666666666,,,False,,False,False,+1 Lap,11
2000,4,2000-04-23,silverstone,herbert,jaguar,14,Cosworth,False,3,0.6666666666666666,,,False,,False,False,+1 Lap,12
2000,4,2000-04-23,silverstone,irvine,jaguar,9,Cosworth,False,3,0.6666666666666666,,,False,,False,False,+1 Lap,13
2000,4,2000-04-23,silverstone,gene,minardi,21,Ford,False,3,0.6666666666666666,,,False,,False,False,+1 Lap,14
2000,4,2000-04-23,silverstone,mazzacane,minardi,22,Ford,False,3,0.3333333333333333,,,False,,False,False,+1 Lap,15
2000,4,2000-04-23,silverstone,villeneuve,bar,10,Honda,False,3,0.3333333333333333,,,False,,False,False,+4 Laps,16
2000,4,2000-04-23,silverstone,frentzen,jordan,2,Mugen-Honda,False,3,0.6666666666666666,,,False,,False,False,+6 Laps,17
2000,4,2000-04-23,silverstone,heidfeld,prost,17,Peugeot,False,3,0.6666666666666666,,,True,mechanical,False,False,Engine,R
2000,4,2000-04-23,silverstone,zonta,bar,16,Honda,False,3,0.0,,,True,accident,False,False,Spun off,R
2000,4,2000-04-23,silverstone,barrichello,ferrari,1,Ferrari,False,3,0.3333333333333333,,,True,mechanical,False,False,Hydraulics,R
2000,4,2000-04-23,silverstone,rosa,arrows,19,Supertec,False,3,0.6666666666666666,,,True,mechanical,False,False,Electrical,R
2000,4,2000-04-23,silverstone,verstappen,arrows,8,Supertec,False,3,0.3333333333333333,,,True,mechanical,False,False,Electrical,R
2000,5,2000-05-07,catalunya,hakkinen,mclaren,2,Mercedes,False,4,0.5,,,False,,False,False,Finished,1
2000,5,2000-05-07,catalunya,coulthard,mclaren,4,Mercedes,False,4,0.25,,,False,,False,False,Finished,2
2000,5,2000-05-07,catalunya,barrichello,ferrari,3,Ferrari,False,4,0.5,,,False,,False,False,Finished,3
2000,5,2000-05-07,catalunya,ralf_schumacher,williams,5,BMW,False,4,0.25,,,False,,False,False,Finished,4
2000,5,2000-05-07,catalunya,michael_schumacher,ferrari,1,Ferrari,False,4,0.0,,,False,,False,False,Finished,5
2000,5,2000-05-07,catalunya,frentzen,jordan,8,Mugen-Honda,False,4,0.5,,,False,,False,False,Finished,6
2000,5,2000-05-07,catalunya,salo,sauber,12,Ferrari,False,4,0.25,,,False,,False,False,+1 Lap,7
2000,5,2000-05-07,catalunya,zonta,bar,16,Honda,False,4,0.25,,,False,,False,False,+1 Lap,8
2000,5,2000-05-07,catalunya,fisichella,benetton,13,Supertec,False,4,0.0,,,False,,False,False,+1 Lap,9
2000,5,2000-05-07,catalunya,wurz,benetton,18,Supertec,False,4,0.25,,,False,,False,False,+1 Lap,10
2000,5,2000-05-07,catalunya,irvine,jaguar,9,Cosworth,False,4,0.5,,,False,,False,False,+1 Lap,11
2000,5,2000-05-07,catalunya,trulli,jordan,7,Mugen-Honda,False,4,0.5,,,False,,False,False,+1 Lap,12
2000,5,2000-05-07,catalunya,herbert,jaguar,14,Cosworth,False,4,0.5,,,False,,False,False,+1 Lap,13
2000,5,2000-05-07,catalunya,gene,minardi,20,Ford,False,4,0.5,,,False,,False,False,+2 Laps,14
2000,5,2000-05-07,catalunya,mazzacane,minardi,21,Ford,False,4,0.25,,,False,,False,False,+2 Laps,15
2000,5,2000-05-07,catalunya,heidfeld,prost,19,Peugeot,False,4,0.75,,,False,,False,False,+3 Laps,16
2000,5,2000-05-07,catalunya,button,williams,10,BMW,False,4,0.5,,,True,mechanical,False,False,Engine,17
2000,5,2000-05-07,catalunya,verstappen,arrows,11,Supertec,False,4,0.5,,,True,mechanical,False,False,Gearbox,R
2000,5,2000-05-07,catalunya,villeneuve,bar,6,Honda,False,4,0.25,,,True,mechanical,False,False,Hydraulics,R
2000,5,2000-05-07,catalunya,alesi,prost,17,Peugeot,False,4,0.75,,,True,accident,False,False,Collision,R
2000,5,2000-05-07,catalunya,rosa,arrows,22,Supertec,False,4,0.75,,,True,accident,False,False,Collision,R
2000,5,2000-05-07,catalunya,diniz,sauber,15,Ferrari,False,4,0.5,,,True,accident,False,False,Spun off,R
2000,6,2000-05-21,nurburgring,michael_schumacher,ferrari,2,Ferrari,False,5,0.0,,,False,,False,False,Finished,1
2000,6,2000-05-21,nurburgring,hakkinen,mclaren,3,Mercedes,False,5,0.4,,,False,,False,False,Finished,2
2000,6,2000-05-21,nurburgring,coulthard,mclaren,1,Mercedes,False,5,0.2,,,False,,False,False,+1 Lap,3
2000,6,2000-05-21,nurburgring,barrichello,ferrari,4,Ferrari,False,5,0.4,,,False,,False,False,+1 Lap,4
2000,6,2000-05-21,nurburgring,fisichella,benetton,7,Supertec,False,5,0.0,,,False,,False,False,+1 Lap,5
2000,6,2000-05-21,nurburgring,rosa,arrows,12,Supertec,False,5,0.8,,,False,,False,False,+1 Lap,6
2000,6,2000-05-21,nurburgring,diniz,sauber,15,Ferrari,False,5,0.6,,,False,,False,False,+2 Laps,7
2000,6,2000-05-21,nurburgring,mazzacane,minardi,21,Ford,False,5,0.2,,,False,,False,False,+2 Laps,8
2000,6,2000-05-21,nurburgring,alesi,prost,17,Peugeot,False,5,0.8,,,False,,False,False,+2 Laps,9
2000,6,2000-05-21,nurburgring,button,williams,11,BMW,False,5,0.6,,,True,mechanical,False,False,Electrical,10
2000,6,2000-05-21,nurburgring,herbert,jaguar,16,Cosworth,False,5,0.4,,,True,accident,False,False,Collision,11
2000,6,2000-05-21,nurburgring,wurz,benetton,14,Supertec,False,5,0.2,,,True,accident,False,False,Collision,12
2000,6,2000-05-21,nurburgring,zonta,bar,18,Honda,False,5,0.2,,,True,accident,False,False,Spun off,R
2000,6,2000-05-21,nurburgring,gene,minardi,20,Ford,False,5,0.4,,,True,mechanical,False,False,Throttle,R
2000,6,2000-05-21,nurburgring,villeneuve,bar,9,Honda,False,5,0.4,,,True,mechanical,False,False,Engine,R
2000,6,2000-05-21,nurburgring,irvine,jaguar,8,Cosworth,False,5,0.4,,,True,accident,False,False,Collision,R
2000,6,2000-05-21,nurburgring,verstappen,arrows,13,Supertec,False,5,0.6,,,True,accident,False,False,Spun off,R
2000,6,2000-05-21,nurburgring,ralf_schumacher,williams,5,BMW,False,5,0.2,,,True,accident,False,False,Collision,R
2000,6,2000-05-21,nurburgring,salo,sauber,19,Ferrari,False,5,0.2,,,True,mechanical,False,False,Halfshaft,R
2000,6,2000-05-21,nurburgring,frentzen,jordan,10,Mugen-Honda,False,5,0.4,,,True,mechanical,False,False,Engine,R
2000,6,2000-05-21,nurburgring,trulli,jordan,6,Mugen-Honda,False,5,0.4,,,True,accident,False,False,Collision,R
2000,7,2000-06-04,monaco,coulthard,mclaren,3,Mercedes,False,6,0.16666666666666666,,,False,,False,False,Finished,1
2000,7,2000-06-04,monaco,barrichello,ferrari,6,Ferrari,False,6,0.3333333333333333,,,False,,False,False,Finished,2
2000,7,2000-06-04,monaco,fisichella,benetton,8,Supertec,False,6,0.0,,,False,,False,False,Finished,3
2000,7,2000-06-04,monaco,irvine,jaguar,10,Cosworth,False,6,0.5,,,False,,False,False,Finished,4
2000,7,2000-06-04,monaco,salo,sauber,13,Ferrari,False,6,0.3333333333333333,,,False,,False,False,Finished,5
2000,7,2000-06-04,monaco,hakkinen,mclaren,5,Mercedes,False,6,0.3333333333333333,,,False,,False,False,+1 Lap,6
2000,7,2000-06-04,monaco,villeneuve,bar,17,Honda,False,6,0.5,,,False,,False,False,+1 Lap,7
2000,7,2000-06-04,monaco,heidfeld,prost,18,Peugeot,False,5,0.6,,,False,,False,False,+1 Lap,8
2000,7,2000-06-04,monaco,herbert,jaguar,11,Cosworth,False,6,0.5,,,False,,False,False,+2 Laps,9
2000,7,2000-06-04,monaco,frentzen,jordan,4,Mugen-Honda,False,6,0.5,,,True,accident,False,False,Spun off,10
2000,7,2000-06-04,monaco,verstappen,arrows,15,Supertec,False,6,0.6666666666666666,,,True,accident,False,False,Spun off,R
2000,7,2000-06-04,monaco,michael_schumacher,ferrari,1,Ferrari,False,6,0.0,,,True,mechanical,False,False,Suspension,R
2000,7,2000-06-04,monaco,zonta,bar,20,Honda,False,6,0.3333333333333333,,,True,accident,False,False,Spun off,R
2000,7,2000-06-04,monaco,ralf_schumacher,williams,9,BMW,False,6,0.3333333333333333,,,True,accident,False,False,Spun off,R
2000,7,2000-06-04,monaco,trulli,jordan,2,Mugen-Honda,False,6,0.5,,,True,mechanical,False,False,Gearbox,R
2000,7,2000-06-04,monaco,diniz,sauber,19,Ferrari,False,6,0.5,,,True,accident,False,False,Spun off,R
2000,7,2000-06-04,monaco,alesi,prost,7,Peugeot,False,6,0.6666666666666666,,,True,mechanical,False,False,Transmission,R
2000,7,2000-06-04,monaco,mazzacane,minardi,22,Ford,False,6,0.16666666666666666,,,True,accident,False,False,Spun off,R
2000,7,2000-06-04,monaco,gene,minardi,21,Ford,False,6,0.5,,,True,mechanical,False,False,Gearbox,R
2000,7,2000-06-04,monaco,wurz,benetton,12,Supertec,False,6,0.3333333333333333,,,True,accident,False,False,Spun off,R
2000,7,2000-06-04,monaco,button,williams,14,BMW,False,6,0.6666666666666666,,,True,mechanical,False,False,Engine,R
2000,8,2000-06-18,villeneuve,michael_schumacher,ferrari,1,Ferrari,False,7,0.14285714285714285,,,False,,False,False,Finished,1
2000,8,2000-06-18,villeneuve,barrichello,ferrari,3,Ferrari,False,7,0.2857142857142857,,,False,,False,False,Finished,2
2000,8,2000-06-18,villeneuve,fisichella,benetton,10,Supertec,False,7,0.0,,,False,,False,False,Finished,3
2000,8,2000-06-18,villeneuve,hakkinen,mclaren,4,Mercedes,False,7,0.2857142857142857,,,False,,False,False,Finished,4
2000,8,2000-06-18,villeneuve,verstappen,arrows,13,Supertec,False,7,0.7142857142857143,,,False,,False,False,Finished,5
2000,8,2000-06-18,villeneuve,trulli,jordan,7,Mugen-Honda,False,7,0.5714285714285714,,,False,,False,False,Finished,6
2000,8,2000-06-18,villeneuve,coulthard,mclaren,2,Mercedes,False,7,0.14285714285714285,,,False,,False,False,Finished,7
2000,8,2000-06-18,villeneuve,zonta,bar,8,Honda,False,7,0.42857142857142855,,,False,,False,False,Finished,8
2000,8,2000-06-18,villeneuve,wurz,benetton,14,Supertec,False,7,0.42857142857142855,,,False,,False,False,Finished,9
2000,8,2000-06-18,villeneuve,diniz,sauber,19,Ferrari,False,7,0.5714285714285714,,,False,,False,False,Finished,10
2000,8,2000-06-18,villeneuve,button,williams,18,BMW,False,7,0.7142857142857143,,,False,,False,False,+1 Lap,11
2000,8,2000-06-18,villeneuve,mazzacane,minardi,22,Ford,False,7,0.2857142857142857,,,False,,False,False,+1 Lap,12
2000,8,2000-06-18,villeneuve,irvine,jaguar,16,Cosworth,False,7,0.42857142857142855,,,False,,False,False,+3 Laps,13
2000,8,2000-06-18,villeneuve,ralf_schumacher,williams,12,BMW,False,7,0.42857142857142855,,,True,accident,False,False,Collision,14
2000,8,2000-06-18,villeneuve,villeneuve,bar,6,Honda,False,7,0.42857142857142855,,,True,accident,False,False,Collision,15
2000,8,2000-06-18,villeneuve,gene,minardi,20,Ford,False,7,0.5714285714285714,,,True,accident,False,False,Spun off,16
2000,8,2000-06-18,villeneuve,rosa,arrows,9,Supertec,False,6,0.6666666666666666,,,True,accident,False,False,Collision,R
2000,8,2000-06-18,villeneuve,salo,sauber,15,Ferrari,False,7,0.2857142857142857,,,True,mechanical,False,False,Electrical,R
2000,8,2000-06-18,villeneuve,alesi,prost,17,Peugeot,False,7,0.7142857142857143,,,True,mechanical,False,False,Electrical,R
2000,8,2000-06-18,villeneuve,heidfeld,prost,21,Peugeot,False,6,0.5,,,True,mechanical,False,False,Engine,R
2000,8,2000-06-18,villeneuve,frentzen,jordan,5,Mugen-Honda,False,7,0.5714285714285714,,,True,mechanical,False,False,Brakes,R
2000,8,2000-06-18,villeneuve,herbert,jaguar,11,Cosworth,False,7,0.42857142857142855,,,True,mechanical,False,False,Gearbox,R
2000,9,2000-07-02,magny_cours,coulthard,mclaren,2,Mercedes,False,8,0.125,,,False,,False,False,Finished,1
2000,9,2000-07-02,magny_cours,hakkinen,mclaren,4,Mercedes,False,8,0.25,,,False,,False,False,Finished,2
2000,9,2000-07-02,magny_cours,barrichello,ferrari,3,Ferrari,False,8,0.25,,,False,,False,False,Finished,3
2000,9,2000-07-02,magny_cours,villeneuve,bar,7,Honda,False,8,0.5,,,False,,False,False,Finished,4
2000,9,2000-07-02,magny_cours,ralf_schumacher,williams,5,BMW,False,8,0.5,,,False,,False,False,Finished,5
2000,9,2000-07-02,magny_cours,trulli,jordan,9,Mugen-Honda,False,8,0.5,,,False,,False,False,Finished,6
2000,9,2000-07-02,magny_cours,frentzen,jordan,8,Mugen-Honda,False,8,0.625,,,False,,False,False,+1 Lap,7
2000,9,2000-07-02,magny_cours,button,williams,10,BMW,False,8,0.625,,,False,,False,False,+1 Lap,8
2000,9,2000-07-02,magny_cours,fisichella,benetton,14,Supertec,False,8,0.0,,,False,,False,False,+1 Lap,9
2000,9,2000-07-02,magny_cours,salo,sauber,12,Ferrari,False,8,0.375,,,False,,False,False,+1 Lap,10
2000,9,2000-07-02,magny_cours,diniz,sauber,15,Ferrari,False,8,0.5,,,False,,False,False,+1 Lap,11
2000,9,2000-07-02,magny_cours,heidfeld,prost,16,Peugeot,False,7,0.5714285714285714,,,False,,False,False,+1 Lap,12
2000,9,2000-07-02,magny_cours,irvine,jaguar,6,Cosworth,False,8,0.375,,,False,,False,False,+2 Laps,13
2000,9,2000-07-02,magny_cours,alesi,prost,18,Peugeot,False,8,0.75,,,False,,False,False,+2 Laps,14
2000,9,2000-07-02,magny_cours,gene,minardi,21,Ford,False,8,0.625,,,False,,False,False,+2 Laps,15
2000,9,2000-07-02,magny_cours,michael_schumacher,ferrari,1,Ferrari,False,8,0.125,,,True,mechanical,False,False,Engine,R
2000,9,2000-07-02,magny_cours,rosa,arrows,13,Supertec,False,7,0.7142857142857143,,,True,mechanical,False,False,Transmission,R
2000,9,2000-07-02,magny_cours,wurz,benetton,17,Supertec,False,8,0.375,,,True,accident,False,False,Spun off,R
2000,9,2000-07-02,magny_cours,mazzacane,minardi,22,Ford,False,8,0.25,,,True,accident,False,False,Spun off,R
2000,9,2000-07-02,magny_cours,verstappen,arrows,20,Supertec,False,8,0.625,,,True,mechanical,False,False,Transmission,R
2000,9,2000-07-02,magny_cours,herbert,jaguar,11,Cosworth,False,8,0.5,,,True,mechanical,False,False,Gearbox,R
2000,9,2000-07-02,magny_cours,zonta,bar,19,Honda,False,8,0.375,,,True,accident,False,False,Spun off,R
2000,10,2000-07-16,red_bull_ring,hakkinen,mclaren,1,Mercedes,False,9,0.2222222222222222,,,False,,False,False,Finished,1
2000,10,2000-07-16,red_bull_ring,coulthard,mclaren,2,Mercedes,False,9,0.1111111111111111,,,False,,False,False,Finished,2
2000,10,2000-07-16,red_bull_ring,barrichello,ferrari,3,Ferrari,False,9,0.2222222222222222,,,False,,False,False,Finished,3
2000,10,2000-07-16,red_bull_ring,villeneuve,bar,7,Honda,False,9,0.4444444444444444,,,False,,False,False,+1 Lap,4
