season,round,race_name,race_date,circuit_id,circuit_name,driver_id,driver_code,driver_name,constructor_id,constructor_name,grid,position,position_text,laps,status
2000,1,Australian Grand Prix,2000-03-12,albert_park,Albert Park Grand Prix Circuit,michael_schumacher,MSC,Michael Schumacher,ferrari,Ferrari,3,1,1,58,Finished
2000,1,Australian Grand Prix,2000-03-12,albert_park,Albert Park Grand Prix Circuit,barrichello,BAR,Rubens Barrichello,ferrari,Ferrari,4,2,2,58,Finished
2000,1,Australian Grand Prix,2000-03-12,albert_park,Albert Park Grand Prix Circuit,ralf_schumacher,SCH,Ralf Schumacher,williams,Williams,11,3,3,58,Finished
2000,1,Australian Grand Prix,2000-03-12,albert_park,Albert Park Grand Prix Circuit,villeneuve,VIL,Jacques Villeneuve,bar,BAR,8,4,4,58,Finished
2000,1,Australian Grand Prix,2000-03-12,albert_park,Albert Park Grand Prix Circuit,fisichella,FIS,Giancarlo Fisichella,benetton,Benetton,9,5,5,58,Finished
2000,1,Australian Grand Prix,2000-03-12,albert_park,Albert Park Grand Prix Circuit,zonta,ZON,Ricardo Zonta,bar,BAR,16,6,6,58,Finished
2000,1,Australian Grand Prix,2000-03-12,albert_park,Albert Park Grand Prix Circuit,wurz,WUR,Alexander Wurz,benetton,Benetton,14,7,7,58,Finished
2000,1,Australian Grand Prix,2000-03-12,albert_park,Albert Park Grand Prix Circuit,gene,,Marc Gené,minardi,Minardi,18,8,8,57,+1 Lap
2000,1,Australian Grand Prix,2000-03-12,albert_park,Albert Park Grand Prix Circuit,heidfeld,HEI,Nick Heidfeld,prost,Prost,15,9,9,56,+2 Laps
2000,1,Australian Grand Prix,2000-03-12,albert_park,Albert Park Grand Prix Circuit,salo,,Mika Salo,sauber,Sauber,10,10,D,58,Disqualified
2000,1,Australian Grand Prix,2000-03-12,albert_park,Albert Park Grand Prix Circuit,button,BUT,Jenson Button,williams,Williams,21,11,R,46,Engine
2000,1,Australian Grand Prix,2000-03-12,albert_park,Albert Park Grand Prix Circuit,diniz,,Pedro Diniz,sauber,Sauber,19,12,R,41,Transmission
2000,1,Australian Grand Prix,2000-03-12,albert_park,Albert Park Grand Prix Circuit,mazzacane,,Gastón Mazzacane,minardi,Minardi,22,13,R,40,Gearbox
2000,1,Australian Grand Prix,2000-03-12,albert_park,Albert Park Grand Prix Circuit,frentzen,,Heinz-Harald Frentzen,jordan,Jordan,5,14,R,39,Hydraulics
2000,1,Australian Grand Prix,2000-03-12,albert_park,Albert Park Grand Prix Circuit,trulli,TRU,Jarno Trulli,jordan,Jordan,6,15,R,35,Engine
2000,1,Australian Grand Prix,2000-03-12,albert_park,Albert Park Grand Prix Circuit,alesi,,Jean Alesi,prost,Prost,17,16,R,27,Hydraulics
2000,1,Australian Grand Prix,2000-03-12,albert_park,Albert Park Grand Prix Circuit,hakkinen,,Mika Häkkinen,mclaren,McLaren,1,17,R,18,Engine
2000,1,Australian Grand Prix,2000-03-12,albert_park,Albert Park Grand Prix Circuit,verstappen,,Jos Verstappen,arrows,Arrows,13,18,R,16,Suspension
2000,1,Australian Grand Prix,2000-03-12,albert_park,Albert Park Grand Prix Circuit,coulthard,COU,David Coulthard,mclaren,McLaren,2,19,R,11,Engine
2000,1,Australian Grand Prix,2000-03-12,albert_park,Albert Park Grand Prix Circuit,rosa,DLR,Pedro de la Rosa,arrows,Arrows,12,20,R,6,Suspension
2000,1,Australian Grand Prix,2000-03-12,albert_park,Albert Park Grand Prix Circuit,irvine,,Eddie Irvine,jaguar,Jaguar,7,21,R,6,Spun off
2000,1,Australian Grand Prix,2000-03-12,albert_park,Albert Park Grand Prix Circuit,herbert,,Johnny Herbert,jaguar,Jaguar,20,22,R,1,Clutch
2000,2,Brazilian Grand Prix,2000-03-26,interlagos,Autódromo José Carlos Pace,michael_schumacher,MSC,Michael Schumacher,ferrari,Ferrari,3,1,1,71,Finished
2000,2,Brazilian Grand Prix,2000-03-26,interlagos,Autódromo José Carlos Pace,fisichella,FIS,Giancarlo Fisichella,benetton,Benetton,5,2,2,71,Finished
2000,2,Brazilian Grand Prix,2000-03-26,interlagos,Autódromo José Carlos Pace,frentzen,,Heinz-Harald Frentzen,jordan,Jordan,7,3,3,71,Finished
2000,2,Brazilian Grand Prix,2000-03-26,interlagos,Autódromo José Carlos Pace,trulli,TRU,Jarno Trulli,jordan,Jordan,12,4,4,71,Finished
2000,2,Brazilian Grand Prix,2000-03-26,interlagos,Autódromo José Carlos Pace,ralf_schumacher,SCH,Ralf Schumacher,williams,Williams,11,5,5,70,+1 Lap
2000,2,Brazilian Grand Prix,2000-03-26,interlagos,Autódromo José Carlos Pace,button,BUT,Jenson Button,williams,Williams,9,6,6,70,+1 Lap
2000,2,Brazilian Grand Prix,2000-03-26,interlagos,Autódromo José Carlos Pace,verstappen,,Jos Verstappen,arrows,Arrows,14,7,7,70,+1 Lap
2000,2,Brazilian Grand Prix,2000-03-26,interlagos,Autódromo José Carlos Pace,rosa,DLR,Pedro de la Rosa,arrows,Arrows,16,8,8,70,+1 Lap
2000,2,Brazilian Grand Prix,2000-03-26,interlagos,Autódromo José Carlos Pace,zonta,ZON,Ricardo Zonta,bar,BAR,8,9,9,69,+2 Laps
2000,2,Brazilian Grand Prix,2000-03-26,interlagos,Autódromo José Carlos Pace,mazzacane,,Gastón Mazzacane,minardi,Minardi,20,10,10,69,+2 Laps
2000,2,Brazilian Grand Prix,2000-03-26,interlagos,Autódromo José Carlos Pace,coulthard,COU,David Coulthard,mclaren,McLaren,2,11,D,71,Disqualified
2000,2,Brazilian Grand Prix,2000-03-26,interlagos,Autódromo José Carlos Pace,herbert,,Johnny Herbert,jaguar,Jaguar,17,12,R,51,Gearbox
2000,2,Brazilian Grand Prix,2000-03-26,interlagos,Autódromo José Carlos Pace,gene,,Marc Gené,minardi,Minardi,18,13,R,31,Engine
2000,2,Brazilian Grand Prix,2000-03-26,interlagos,Autódromo José Carlos Pace,hakkinen,,Mika Häkkinen,mclaren,McLaren,1,14,R,30,Oil pressure
2000,2,Brazilian Grand Prix,2000-03-26,interlagos,Autódromo José Carlos Pace,barrichello,BAR,Rubens Barrichello,ferrari,Ferrari,4,15,R,27,Hydraulics
2000,2,Brazilian Grand Prix,2000-03-26,interlagos,Autódromo José Carlos Pace,irvine,,Eddie Irvine,jaguar,Jaguar,6,16,R,20,Spun off
2000,2,Brazilian Grand Prix,2000-03-26,interlagos,Autódromo José Carlos Pace,villeneuve,VIL,Jacques Villeneuve,bar,BAR,10,17,R,16,Gearbox
2000,2,Brazilian Grand Prix,2000-03-26,interlagos,Autódromo José Carlos Pace,alesi,,Jean Alesi,prost,Prost,15,18,R,11,Electrical
2000,2,Brazilian Grand Prix,2000-03-26,interlagos,Autódromo José Carlos Pace,heidfeld,HEI,Nick Heidfeld,prost,Prost,19,19,R,9,Engine
2000,2,Brazilian Grand Prix,2000-03-26,interlagos,Autódromo José Carlos Pace,wurz,WUR,Alexander Wurz,benetton,Benetton,13,20,R,6,Engine
2000,2,Brazilian Grand Prix,2000-03-26,interlagos,Autódromo José Carlos Pace,diniz,,Pedro Diniz,sauber,Sauber,0,21,W,0,Safety concerns
2000,2,Brazilian Grand Prix,2000-03-26,interlagos,Autódromo José Carlos Pace,salo,,Mika Salo,sauber,Sauber,0,22,W,0,Safety concerns
2000,3,San Marino Grand Prix,2000-04-09,imola,Autodromo Enzo e Dino Ferrari,michael_schumacher,MSC,Michael Schumacher,ferrari,Ferrari,2,1,1,62,Finished
2000,3,San Marino Grand Prix,2000-04-09,imola,Autodromo Enzo e Dino Ferrari,hakkinen,,Mika Häkkinen,mclaren,McLaren,1,2,2,62,Finished
2000,3,San Marino Grand Prix,2000-04-09,imola,Autodromo Enzo e Dino Ferrari,coulthard,COU,David Coulthard,mclaren,McLaren,3,3,3,62,Finished
2000,3,San Marino Grand Prix,2000-04-09,imola,Autodromo Enzo e Dino Ferrari,barrichello,BAR,Rubens Barrichello,ferrari,Ferrari,4,4,4,62,Finished
2000,3,San Marino Grand Prix,2000-04-09,imola,Autodromo Enzo e Dino Ferrari,villeneuve,VIL,Jacques Villeneuve,bar,BAR,9,5,5,61,+1 Lap
2000,3,San Marino Grand Prix,2000-04-09,imola,Autodromo Enzo e Dino Ferrari,salo,,Mika Salo,sauber,Sauber,12,6,6,61,+1 Lap
2000,3,San Marino Grand Prix,2000-04-09,imola,Autodromo Enzo e Dino Ferrari,irvine,,Eddie Irvine,jaguar,Jaguar,7,7,7,61,+1 Lap
2000,3,San Marino Grand Prix,2000-04-09,imola,Autodromo Enzo e Dino Ferrari,diniz,,Pedro Diniz,sauber,Sauber,10,8,8,61,+1 Lap
2000,3,San Marino Grand Prix,2000-04-09,imola,Autodromo Enzo e Dino Ferrari,wurz,WUR,Alexander Wurz,benetton,Benetton,11,9,9,61,+1 Lap
2000,3,San Marino Grand Prix,2000-04-09,imola,Autodromo Enzo e Dino Ferrari,herbert,,Johnny Herbert,jaguar,Jaguar,17,10,10,61,+1 Lap
2000,3,San Marino Grand Prix,2000-04-09,imola,Autodromo Enzo e Dino Ferrari,fisichella,FIS,Giancarlo Fisichella,benetton,Benetton,19,11,11,61,+1 Lap
2000,3,San Marino Grand Prix,2000-04-09,imola,Autodromo Enzo e Dino Ferrari,zonta,ZON,Ricardo Zonta,bar,BAR,14,12,12,61,+1 Lap
2000,3,San Marino Grand Prix,2000-04-09,imola,Autodromo Enzo e Dino Ferrari,mazzacane,,Gastón Mazzacane,minardi,Minardi,20,13,13,60,+2 Laps
2000,3,San Marino Grand Prix,2000-04-09,imola,Autodromo Enzo e Dino Ferrari,verstappen,,Jos Verstappen,arrows,Arrows,16,14,14,59,+3 Laps
2000,3,San Marino Grand Prix,2000-04-09,imola,Autodromo Enzo e Dino Ferrari,trulli,TRU,Jarno Trulli,jordan,Jordan,8,15,15,58,Gearbox
2000,3,San Marino Grand Prix,2000-04-09,imola,Autodromo Enzo e Dino Ferrari,rosa,DLR,Pedro de la Rosa,arrows,Arrows,13,16,R,49,Spun off
2000,3,San Marino Grand Prix,2000-04-09,imola,Autodromo Enzo e Dino Ferrari,ralf_schumacher,SCH,Ralf Schumacher,williams,Williams,5,17,R,45,Fuel system
2000,3,San Marino Grand Prix,2000-04-09,imola,Autodromo Enzo e Dino Ferrari,alesi,,Jean Alesi,prost,Prost,15,18,R,25,Hydraulics
2000,3,San Marino Grand Prix,2000-04-09,imola,Autodromo Enzo e Dino Ferrari,heidfeld,HEI,Nick Heidfeld,prost,Prost,22,19,R,22,Hydraulics
2000,3,San Marino Grand Prix,2000-04-09,imola,Autodromo Enzo e Dino Ferrari,button,BUT,Jenson Button,williams,Williams,18,20,R,5,Engine
2000,3,San Marino Grand Prix,2000-04-09,imola,Autodromo Enzo e Dino Ferrari,gene,,Marc Gené,minardi,Minardi,21,21,R,5,Spun off
2000,3,San Marino Grand Prix,2000-04-09,imola,Autodromo Enzo e Dino Ferrari,frentzen,,Heinz-Harald Frentzen,jordan,Jordan,6,22,R,4,Gearbox
2000,4,British Grand Prix,2000-04-23,silverstone,Silverstone Circuit,coulthard,COU,David Coulthard,mclaren,McLaren,4,1,1,60,Finished
2000,4,British Grand Prix,2000-04-23,silverstone,Silverstone Circuit,hakkinen,,Mika Häkkinen,mclaren,McLaren,3,2,2,60,Finished
2000,4,British Grand Prix,2000-04-23,silverstone,Silverstone Circuit,michael_schumacher,MSC,Michael Schumacher,ferrari,Ferrari,5,3,3,60,Finished
2000,4,British Grand Prix,2000-04-23,silverstone,Silverstone Circuit,ralf_schumacher,SCH,Ralf Schumacher,williams,Williams,7,4,4,60,Finished
2000,4,British Grand Prix,2000-04-23,silverstone,Silverstone Circuit,button,BUT,Jenson Button,williams,Williams,6,5,5,60,Finished
2000,4,British Grand Prix,2000-04-23,silverstone,Silverstone Circuit,trulli,TRU,Jarno Trulli,jordan,Jordan,11,6,6,60,Finished
2000,4,British Grand Prix,2000-04-23,silverstone,Silverstone Circuit,fisichella,FIS,Giancarlo Fisichella,benetton,Benetton,12,7,7,59,+1 Lap
2000,4,British Grand Prix,2000-04-23,silverstone,Silverstone Circuit,salo,,Mika Salo,sauber,Sauber,18,8,8,59,+1 Lap
2000,4,British Grand Prix,2000-04-23,silverstone,Silverstone Circuit,wurz,WUR,Alexander Wurz,benetton,Benetton,20,9,9,59,+1 Lap
2000,4,British Grand Prix,2000-04-23,silverstone,Silverstone Circuit,alesi,,Jean Alesi,prost,Prost,15,10,10,59,+1 Lap
2000,4,British Grand Prix,2000-04-23,silverstone,Silverstone Circuit,diniz,,Pedro Diniz,sauber,Sauber,13,11,11,59,+1 Lap
2000,4,British Grand Prix,2000-04-23,silverstone,Silverstone Circuit,herbert,,Johnny Herbert,jaguar,Jaguar,14,12,12,59,+1 Lap
2000,4,British Grand Prix,2000-04-23,silverstone,Silverstone Circuit,irvine,,Eddie Irvine,jaguar,Jaguar,9,13,13,59,+1 Lap
2000,4,British Grand Prix,2000-04-23,silverstone,Silverstone Circuit,gene,,Marc Gené,minardi,Minardi,21,14,14,59,+1 Lap
2000,4,British Grand Prix,2000-04-23,silverstone,Silverstone Circuit,mazzacane,,Gastón Mazzacane,minardi,Minardi,22,15,15,59,+1 Lap
2000,4,British Grand Prix,2000-04-23,silverstone,Silverstone Circuit,villeneuve,VIL,Jacques Villeneuve,bar,BAR,10,16,16,56,+4 Laps
2000,4,British Grand Prix,2000-04-23,silverstone,Silverstone Circuit,frentzen,,Heinz-Harald Frentzen,jordan,Jordan,2,17,17,54,+6 Laps
2000,4,British Grand Prix,2000-04-23,silverstone,Silverstone Circuit,heidfeld,HEI,Nick Heidfeld,prost,Prost,17,18,R,51,Engine
2000,4,British Grand Prix,2000-04-23,silverstone,Silverstone Circuit,zonta,ZON,Ricardo Zonta,bar,BAR,16,19,R,36,Spun off
2000,4,British Grand Prix,2000-04-23,silverstone,Silverstone Circuit,barrichello,BAR,Rubens Barrichello,ferrari,Ferrari,1,20,R,35,Hydraulics
2000,4,British Grand Prix,2000-04-23,silverstone,Silverstone Circuit,rosa,DLR,Pedro de la Rosa,arrows,Arrows,19,21,R,26,Electrical
2000,4,British Grand Prix,2000-04-23,silverstone,Silverstone Circuit,verstappen,,Jos Verstappen,arrows,Arrows,8,22,R,20,Electrical
2000,5,Spanish Grand Prix,2000-05-07,catalunya,Circuit de Barcelona-Catalunya,hakkinen,,Mika Häkkinen,mclaren,McLaren,2,1,1,65,Finished
2000,5,Spanish Grand Prix,2000-05-07,catalunya,Circuit de Barcelona-Catalunya,coulthard,COU,David Coulthard,mclaren,McLaren,4,2,2,65,Finished
2000,5,Spanish Grand Prix,2000-05-07,catalunya,Circuit de Barcelona-Catalunya,barrichello,BAR,Rubens Barrichello,ferrari,Ferrari,3,3,3,65,Finished
2000,5,Spanish Grand Prix,2000-05-07,catalunya,Circuit de Barcelona-Catalunya,ralf_schumacher,SCH,Ralf Schumacher,williams,Williams,5,4,4,65,Finished
2000,5,Spanish Grand Prix,2000-05-07,catalunya,Circuit de Barcelona-Catalunya,michael_schumacher,MSC,Michael Schumacher,ferrari,Ferrari,1,5,5,65,Finished
2000,5,Spanish Grand Prix,2000-05-07,catalunya,Circuit de Barcelona-Catalunya,frentzen,,Heinz-Harald Frentzen,jordan,Jordan,8,6,6,65,Finished
2000,5,Spanish Grand Prix,2000-05-07,catalunya,Circuit de Barcelona-Catalunya,salo,,Mika Salo,sauber,Sauber,12,7,7,64,+1 Lap
2000,5,Spanish Grand Prix,2000-05-07,catalunya,Circuit de Barcelona-Catalunya,zonta,ZON,Ricardo Zonta,bar,BAR,16,8,8,64,+1 Lap
2000,5,Spanish Grand Prix,2000-05-07,catalunya,Circuit de Barcelona-Catalunya,fisichella,FIS,Giancarlo Fisichella,benetton,Benetton,13,9,9,64,+1 Lap
2000,5,Spanish Grand Prix,2000-05-07,catalunya,Circuit de Barcelona-Catalunya,wurz,WUR,Alexander Wurz,benetton,Benetton,18,10,10,64,+1 Lap
2000,5,Spanish Grand Prix,2000-05-07,catalunya,Circuit de Barcelona-Catalunya,irvine,,Eddie Irvine,jaguar,Jaguar,9,11,11,64,+1 Lap
2000,5,Spanish Grand Prix,2000-05-07,catalunya,Circuit de Barcelona-Catalunya,trulli,TRU,Jarno Trulli,jordan,Jordan,7,12,12,64,+1 Lap
2000,5,Spanish Grand Prix,2000-05-07,catalunya,Circuit de Barcelona-Catalunya,herbert,,Johnny Herbert,jaguar,Jaguar,14,13,13,64,+1 Lap
2000,5,Spanish Grand Prix,2000-05-07,catalunya,Circuit de Barcelona-Catalunya,gene,,Marc Gené,minardi,Minardi,20,14,14,63,+2 Laps
2000,5,Spanish Grand Prix,2000-05-07,catalunya,Circuit de Barcelona-Catalunya,mazzacane,,Gastón Mazzacane,minardi,Minardi,21,15,15,63,+2 Laps
2000,5,Spanish Grand Prix,2000-05-07,catalunya,Circuit de Barcelona-Catalunya,heidfeld,HEI,Nick Heidfeld,prost,Prost,19,16,16,62,+3 Laps
2000,5,Spanish Grand Prix,2000-05-07,catalunya,Circuit de Barcelona-Catalunya,button,BUT,Jenson Button,williams,Williams,10,17,17,61,Engine
2000,5,Spanish Grand Prix,2000-05-07,catalunya,Circuit de Barcelona-Catalunya,verstappen,,Jos Verstappen,arrows,Arrows,11,18,R,25,Gearbox
2000,5,Spanish Grand Prix,2000-05-07,catalunya,Circuit de Barcelona-Catalunya,villeneuve,VIL,Jacques Villeneuve,bar,BAR,6,19,R,21,Hydraulics
2000,5,Spanish Grand Prix,2000-05-07,catalunya,Circuit de Barcelona-Catalunya,alesi,,Jean Alesi,prost,Prost,17,20,R,1,Collision
2000,5,Spanish Grand Prix,2000-05-07,catalunya,Circuit de Barcelona-Catalunya,rosa,DLR,Pedro de la Rosa,arrows,Arrows,22,21,R,1,Collision
2000,5,Spanish Grand Prix,2000-05-07,catalunya,Circuit de Barcelona-Catalunya,diniz,,Pedro Diniz,sauber,Sauber,15,22,R,0,Spun off
2000,6,European Grand Prix,2000-05-21,nurburgring,Nürburgring,michael_schumacher,MSC,Michael Schumacher,ferrari,Ferrari,2,1,1,67,Finished
2000,6,European Grand Prix,2000-05-21,nurburgring,Nürburgring,hakkinen,,Mika Häkkinen,mclaren,McLaren,3,2,2,67,Finished
2000,6,European Grand Prix,2000-05-21,nurburgring,Nürburgring,coulthard,COU,David Coulthard,mclaren,McLaren,1,3,3,66,+1 Lap
2000,6,European Grand Prix,2000-05-21,nurburgring,Nürburgring,barrichello,BAR,Rubens Barrichello,ferrari,Ferrari,4,4,4,66,+1 Lap
2000,6,European Grand Prix,2000-05-21,nurburgring,Nürburgring,fisichella,FIS,Giancarlo Fisichella,benetton,Benetton,7,5,5,66,+1 Lap
2000,6,European Grand Prix,2000-05-21,nurburgring,Nürburgring,rosa,DLR,Pedro de la Rosa,arrows,Arrows,12,6,6,66,+1 Lap
2000,6,European Grand Prix,2000-05-21,nurburgring,Nürburgring,diniz,,Pedro Diniz,sauber,Sauber,15,7,7,65,+2 Laps
2000,6,European Grand Prix,2000-05-21,nurburgring,Nürburgring,mazzacane,,Gastón Mazzacane,minardi,Minardi,21,8,8,65,+2 Laps
2000,6,European Grand Prix,2000-05-21,nurburgring,Nürburgring,alesi,,Jean Alesi,prost,Prost,17,9,9,65,+2 Laps
2000,6,European Grand Prix,2000-05-21,nurburgring,Nürburgring,button,BUT,Jenson Button,williams,Williams,11,10,10,62,Electrical
2000,6,European Grand Prix,2000-05-21,nurburgring,Nürburgring,herbert,,Johnny Herbert,jaguar,Jaguar,16,11,11,61,Collision
2000,6,European Grand Prix,2000-05-21,nurburgring,Nürburgring,wurz,WUR,Alexander Wurz,benetton,Benetton,14,12,12,61,Collision
2000,6,European Grand Prix,2000-05-21,nurburgring,Nürburgring,zonta,ZON,Ricardo Zonta,bar,BAR,18,13,R,51,Spun off
2000,6,European Grand Prix,2000-05-21,nurburgring,Nürburgring,gene,,Marc Gené,minardi,Minardi,20,14,R,47,Throttle
2000,6,European Grand Prix,2000-05-21,nurburgring,Nürburgring,villeneuve,VIL,Jacques Villeneuve,bar,BAR,9,15,R,46,Engine
2000,6,European Grand Prix,2000-05-21,nurburgring,Nürburgring,irvine,,Eddie Irvine,jaguar,Jaguar,8,16,R,29,Collision
2000,6,European Grand Prix,2000-05-21,nurburgring,Nürburgring,verstappen,,Jos Verstappen,arrows,Arrows,13,17,R,29,Spun off
2000,6,European Grand Prix,2000-05-21,nurburgring,Nürburgring,ralf_schumacher,SCH,Ralf Schumacher,williams,Williams,5,18,R,29,Collision
2000,6,European Grand Prix,2000-05-21,nurburgring,Nürburgring,salo,,Mika Salo,sauber,Sauber,19,19,R,27,Halfshaft
2000,6,European Grand Prix,2000-05-21,nurburgring,Nürburgring,frentzen,,Heinz-Harald Frentzen,jordan,Jordan,10,20,R,2,Engine
2000,6,European Grand Prix,2000-05-21,nurburgring,Nürburgring,trulli,TRU,Jarno Trulli,jordan,Jordan,6,21,R,0,Collision
2000,7,Monaco Grand Prix,2000-06-04,monaco,Circuit de Monaco,coulthard,COU,David Coulthard,mclaren,McLaren,3,1,1,78,Finished
2000,7,Monaco Grand Prix,2000-06-04,monaco,Circuit de Monaco,barrichello,BAR,Rubens Barrichello,ferrari,Ferrari,6,2,2,78,Finished
2000,7,Monaco Grand Prix,2000-06-04,monaco,Circuit de Monaco,fisichella,FIS,Giancarlo Fisichella,benetton,Benetton,8,3,3,78,Finished
2000,7,Monaco Grand Prix,2000-06-04,monaco,Circuit de Monaco,irvine,,Eddie Irvine,jaguar,Jaguar,10,4,4,78,Finished
2000,7,Monaco Grand Prix,2000-06-04,monaco,Circuit de Monaco,salo,,Mika Salo,sauber,Sauber,13,5,5,78,Finished
2000,7,Monaco Grand Prix,2000-06-04,monaco,Circuit de Monaco,hakkinen,,Mika Häkkinen,mclaren,McLaren,5,6,6,77,+1 Lap
2000,7,Monaco Grand Prix,2000-06-04,monaco,Circuit de Monaco,villeneuve,VIL,Jacques Villeneuve,bar,BAR,17,7,7,77,+1 Lap
2000,7,Monaco Grand Prix,2000-06-04,monaco,Circuit de Monaco,heidfeld,HEI,Nick Heidfeld,prost,Prost,18,8,8,77,+1 Lap
2000,7,Monaco Grand Prix,2000-06-04,monaco,Circuit de Monaco,herbert,,Johnny Herbert,jaguar,Jaguar,11,9,9,76,+2 Laps
2000,7,Monaco Grand Prix,2000-06-04,monaco,Circuit de Monaco,frentzen,,Heinz-Harald Frentzen,jordan,Jordan,4,10,10,70,Spun off
2000,7,Monaco Grand Prix,2000-06-04,monaco,Circuit de Monaco,verstappen,,Jos Verstappen,arrows,Arrows,15,11,R,60,Spun off
2000,7,Monaco Grand Prix,2000-06-04,monaco,Circuit de Monaco,michael_schumacher,MSC,Michael Schumacher,ferrari,Ferrari,1,12,R,55,Suspension
2000,7,Monaco Grand Prix,2000-06-04,monaco,Circuit de Monaco,zonta,ZON,Ricardo Zonta,bar,BAR,20,13,R,48,Spun off
2000,7,Monaco Grand Prix,2000-06-04,monaco,Circuit de Monaco,ralf_schumacher,SCH,Ralf Schumacher,williams,Williams,9,14,R,37,Spun off
2000,7,Monaco Grand Prix,2000-06-04,monaco,Circuit de Monaco,trulli,TRU,Jarno Trulli,jordan,Jordan,2,15,R,36,Gearbox
2000,7,Monaco Grand Prix,2000-06-04,monaco,Circuit de Monaco,diniz,,Pedro Diniz,sauber,Sauber,19,16,R,30,Spun off
2000,7,Monaco Grand Prix,2000-06-04,monaco,Circuit de Monaco,alesi,,Jean Alesi,prost,Prost,7,17,R,29,Transmission
2000,7,Monaco Grand Prix,2000-06-04,monaco,Circuit de Monaco,mazzacane,,Gastón Mazzacane,minardi,Minardi,22,18,R,22,Spun off
2000,7,Monaco Grand Prix,2000-06-04,monaco,Circuit de Monaco,gene,,Marc Gené,minardi,Minardi,21,19,R,21,Gearbox
2000,7,Monaco Grand Prix,2000-06-04,monaco,Circuit de Monaco,wurz,WUR,Alexander Wurz,benetton,Benetton,12,20,R,18,Spun off
2000,7,Monaco Grand Prix,2000-06-04,monaco,Circuit de Monaco,button,BUT,Jenson Button,williams,Williams,14,21,R,16,Engine
2000,7,Monaco Grand Prix,2000-06-04,monaco,Circuit de Monaco,rosa,DLR,Pedro de la Rosa,arrows,Arrows,16,22,W,0,Not restarted
2000,8,Canadian Grand Prix,2000-06-18,villeneuve,Circuit Gilles Villeneuve,michael_schumacher,MSC,Michael Schumacher,ferrari,Ferrari,1,1,1,69,Finished
2000,8,Canadian Grand Prix,2000-06-18,villeneuve,Circuit Gilles Villeneuve,barrichello,BAR,Rubens Barrichello,ferrari,Ferrari,3,2,2,69,Finished
2000,8,Canadian Grand Prix,2000-06-18,villeneuve,Circuit Gilles Villeneuve,fisichella,FIS,Giancarlo Fisichella,benetton,Benetton,10,3,3,69,Finished
2000,8,Canadian Grand Prix,2000-06-18,villeneuve,Circuit Gilles Villeneuve,hakkinen,,Mika Häkkinen,mclaren,McLaren,4,4,4,69,Finished
2000,8,Canadian Grand Prix,2000-06-18,villeneuve,Circuit Gilles Villeneuve,verstappen,,Jos Verstappen,arrows,Arrows,13,5,5,69,Finished
2000,8,Canadian Grand Prix,2000-06-18,villeneuve,Circuit Gilles Villeneuve,trulli,TRU,Jarno Trulli,jordan,Jordan,7,6,6,69,Finished
2000,8,Canadian Grand Prix,2000-06-18,villeneuve,Circuit Gilles Villeneuve,coulthard,COU,David Coulthard,mclaren,McLaren,2,7,7,69,Finished
2000,8,Canadian Grand Prix,2000-06-18,villeneuve,Circuit Gilles Villeneuve,zonta,ZON,Ricardo Zonta,bar,BAR,8,8,8,69,Finished
2000,8,Canadian Grand Prix,2000-06-18,villeneuve,Circuit Gilles Villeneuve,wurz,WUR,Alexander Wurz,benetton,Benetton,14,9,9,69,Finished
2000,8,Canadian Grand Prix,2000-06-18,villeneuve,Circuit Gilles Villeneuve,diniz,,Pedro Diniz,sauber,Sauber,19,10,10,69,Finished
2000,8,Canadian Grand Prix,2000-06-18,villeneuve,Circuit Gilles Villeneuve,button,BUT,Jenson Button,williams,Williams,18,11,11,68,+1 Lap
2000,8,Canadian Grand Prix,2000-06-18,villeneuve,Circuit Gilles Villeneuve,mazzacane,,Gastón Mazzacane,minardi,Minardi,22,12,12,68,+1 Lap
2000,8,Canadian Grand Prix,2000-06-18,villeneuve,Circuit Gilles Villeneuve,irvine,,Eddie Irvine,jaguar,Jaguar,16,13,13,66,+3 Laps
2000,8,Canadian Grand Prix,2000-06-18,villeneuve,Circuit Gilles Villeneuve,ralf_schumacher,SCH,Ralf Schumacher,williams,Williams,12,14,14,64,Collision
2000,8,Canadian Grand Prix,2000-06-18,villeneuve,Circuit Gilles Villeneuve,villeneuve,VIL,Jacques Villeneuve,bar,BAR,6,15,15,64,Collision
2000,8,Canadian Grand Prix,2000-06-18,villeneuve,Circuit Gilles Villeneuve,gene,,Marc Gené,minardi,Minardi,20,16,16,64,Spun off
2000,8,Canadian Grand Prix,2000-06-18,villeneuve,Circuit Gilles Villeneuve,rosa,DLR,Pedro de la Rosa,arrows,Arrows,9,17,R,48,Collision
2000,8,Canadian Grand Prix,2000-06-18,villeneuve,Circuit Gilles Villeneuve,salo,,Mika Salo,sauber,Sauber,15,18,R,42,Electrical
2000,8,Canadian Grand Prix,2000-06-18,villeneuve,Circuit Gilles Villeneuve,alesi,,Jean Alesi,prost,Prost,17,19,R,38,Electrical
2000,8,Canadian Grand Prix,2000-06-18,villeneuve,Circuit Gilles Villeneuve,heidfeld,HEI,Nick Heidfeld,prost,Prost,21,20,R,34,Engine
2000,8,Canadian Grand Prix,2000-06-18,villeneuve,Circuit Gilles Villeneuve,frentzen,,Heinz-Harald Frentzen,jordan,Jordan,5,21,R,32,Brakes
2000,8,Canadian Grand Prix,2000-06-18,villeneuve,Circuit Gilles Villeneuve,herbert,,Johnny Herbert,jaguar,Jaguar,11,22,R,14,Gearbox
2000,9,French Grand Prix,2000-07-02,magny_cours,Circuit de Nevers Magny-Cours,coulthard,COU,David Coulthard,mclaren,McLaren,2,1,1,72,Finished
2000,9,French Grand Prix,2000-07-02,magny_cours,Circuit de Nevers Magny-Cours,hakkinen,,Mika Häkkinen,mclaren,McLaren,4,2,2,72,Finished
2000,9,French Grand Prix,2000-07-02,magny_cours,Circuit de Nevers Magny-Cours,barrichello,BAR,Rubens Barrichello,ferrari,Ferrari,3,3,3,72,Finished
2000,9,French Grand Prix,2000-07-02,magny_cours,Circuit de Nevers Magny-Cours,villeneuve,VIL,Jacques Villeneuve,bar,BAR,7,4,4,72,Finished
2000,9,French Grand Prix,2000-07-02,magny_cours,Circuit de Nevers Magny-Cours,ralf_schumacher,SCH,Ralf Schumacher,williams,Williams,5,5,5,72,Finished
2000,9,French Grand Prix,2000-07-02,magny_cours,Circuit de Nevers Magny-Cours,trulli,TRU,Jarno Trulli,jordan,Jordan,9,6,6,72,Finished
2000,9,French Grand Prix,2000-07-02,magny_cours,Circuit de Nevers Magny-Cours,frentzen,,Heinz-Harald Frentzen,jordan,Jordan,8,7,7,71,+1 Lap
2000,9,French Grand Prix,2000-07-02,magny_cours,Circuit de Nevers Magny-Cours,button,BUT,Jenson Button,williams,Williams,10,8,8,71,+1 Lap
2000,9,French Grand Prix,2000-07-02,magny_cours,Circuit de Nevers Magny-Cours,fisichella,FIS,Giancarlo Fisichella,benetton,Benetton,14,9,9,71,+1 Lap
2000,9,French Grand Prix,2000-07-02,magny_cours,Circuit de Nevers Magny-Cours,salo,,Mika Salo,sauber,Sauber,12,10,10,71,+1 Lap
2000,9,French Grand Prix,2000-07-02,magny_cours,Circuit de Nevers Magny-Cours,diniz,,Pedro Diniz,sauber,Sauber,15,11,11,71,+1 Lap
2000,9,French Grand Prix,2000-07-02,magny_cours,Circuit de Nevers Magny-Cours,heidfeld,HEI,Nick Heidfeld,prost,Prost,16,12,12,71,+1 Lap
2000,9,French Grand Prix,2000-07-02,magny_cours,Circuit de Nevers Magny-Cours,irvine,,Eddie Irvine,jaguar,Jaguar,6,13,13,70,+2 Laps
2000,9,French Grand Prix,2000-07-02,magny_cours,Circuit de Nevers Magny-Cours,alesi,,Jean Alesi,prost,Prost,18,14,14,70,+2 Laps
2000,9,French Grand Prix,2000-07-02,magny_cours,Circuit de Nevers Magny-Cours,gene,,Marc Gené,minardi,Minardi,21,15,15,70,+2 Laps
2000,9,French Grand Prix,2000-07-02,magny_cours,Circuit de Nevers Magny-Cours,michael_schumacher,MSC,Michael Schumacher,ferrari,Ferrari,1,16,R,58,Engine
2000,9,French Grand Prix,2000-07-02,magny_cours,Circuit de Nevers Magny-Cours,rosa,DLR,Pedro de la Rosa,arrows,Arrows,13,17,R,45,Transmission
2000,9,French Grand Prix,2000-07-02,magny_cours,Circuit de Nevers Magny-Cours,wurz,WUR,Alexander Wurz,benetton,Benetton,17,18,R,34,Spun off
2000,9,French Grand Prix,2000-07-02,magny_cours,Circuit de Nevers Magny-Cours,mazzacane,,Gastón Mazzacane,minardi,Minardi,22,19,R,31,Spun off
2000,9,French Grand Prix,2000-07-02,magny_cours,Circuit de Nevers Magny-Cours,verstappen,,Jos Verstappen,arrows,Arrows,20,20,R,25,Transmission
2000,9,French Grand Prix,2000-07-02,magny_cours,Circuit de Nevers Magny-Cours,herbert,,Johnny Herbert,jaguar,Jaguar,11,21,R,20,Gearbox
2000,9,French Grand Prix,2000-07-02,magny_cours,Circuit de Nevers Magny-Cours,zonta,ZON,Ricardo Zonta,bar,BAR,19,22,R,16,Spun off
2000,10,Austrian Grand Prix,2000-07-16,red_bull_ring,Red Bull Ring,hakkinen,,Mika Häkkinen,mclaren,McLaren,1,1,1,71,Finished
2000,10,Austrian Grand Prix,2000-07-16,red_bull_ring,Red Bull Ring,coulthard,COU,David Coulthard,mclaren,McLaren,2,2,2,71,Finished
2000,10,Austrian Grand Prix,2000-07-16,red_bull_ring,Red Bull Ring,barrichello,BAR,Rubens Barrichello,ferrari,Ferrari,3,3,3,71,Finished
